rank,variable_x,variable_y,n,pearson_r,absolute_pearson_r
1,LMI,LMD,2437,0.89111866713801069,0.89111866713801069
2,CDRSB,FAQ,2437,0.83405166772667805,0.83405166772667805
3,RAVLT_IMMEDIATE,RAVLT_DELAYED,2437,0.82013333326166438,0.82013333326166438
4,ADAS13,RAVLT_IMMEDIATE,2437,-0.7719053083571632,0.7719053083571632
5,MMSE,ADAS13,2437,-0.74346590862451722,0.74346590862451722
6,ADAS13,CDRSB,2437,0.74069907688661318,0.74069907688661318
7,MMSE,CDRSB,2437,-0.72613109994832803,0.72613109994832803
8,ADAS13,LMD,2437,-0.72525928227503322,0.72525928227503322
9,ADAS13,LMI,2437,-0.71067844597064034,0.71067844597064034
10,ADAS13,FAQ,2437,0.69448561833359912,0.69448561833359912
11,LMI,RAVLT_IMMEDIATE,2437,0.68340917069103324,0.68340917069103324
12,ADAS13,RAVLT_DELAYED,2437,-0.68239126212974432,0.68239126212974432
13,LMD,CDRSB,2437,-0.6774270871304322,0.6774270871304322
14,LMD,RAVLT_IMMEDIATE,2437,0.67490656262054927,0.67490656262054927
15,MMSE,FAQ,2437,-0.66467800065747207,0.66467800065747207
16,MMSE,LMD,2437,0.65487857919867998,0.65487857919867998
17,LMI,CDRSB,2437,-0.64975437603382014,0.64975437603382014
18,LMD,RAVLT_DELAYED,2437,0.64952804536578079,0.64952804536578079
19,MMSE,LMI,2437,0.64659215290350314,0.64659215290350314
20,RAVLT_DELAYED,RAVLT_FORGETTING,2437,-0.63625410728374165,0.63625410728374165
21,LMI,RAVLT_DELAYED,2437,0.60547746666407787,0.60547746666407787
22,MMSE,RAVLT_IMMEDIATE,2437,0.60162329087047151,0.60162329087047151
23,ADAS13,CATEGORY_FLUENCY_ANIMALS,2437,-0.60138229999303527,0.60138229999303527
24,TMT_A,TMT_B,2437,0.59923186632192815,0.59923186632192815
25,RAVLT_IMMEDIATE,CDRSB,2437,-0.58942790799248734,0.58942790799248734
26,CATEGORY_FLUENCY_ANIMALS,RAVLT_IMMEDIATE,2437,0.58333471559194627,0.58333471559194627
27,LMD,FAQ,2437,-0.58134487358963816,0.58134487358963816
28,LMI,FAQ,2437,-0.55840674858707595,0.55840674858707595
29,ADAS13,TMT_B,2437,0.54745225293266553,0.54745225293266553
30,RAVLT_IMMEDIATE,FAQ,2437,-0.53262761949437099,0.53262761949437099
31,LMI,CATEGORY_FLUENCY_ANIMALS,2437,0.53203686179744303,0.53203686179744303
32,RAVLT_DELAYED,CDRSB,2437,-0.52586591330995824,0.52586591330995824
33,ADAS13,TMT_A,2437,0.52423708128830004,0.52423708128830004
34,MMSE,RAVLT_DELAYED,2437,0.52374663172266511,0.52374663172266511
35,MMSE,CATEGORY_FLUENCY_ANIMALS,2437,0.51577606771947648,0.51577606771947648
36,MMSE,TMT_B,2437,-0.50897788086719009,0.50897788086719009
37,LMD,CATEGORY_FLUENCY_ANIMALS,2437,0.50651586116704927,0.50651586116704927
38,CATEGORY_FLUENCY_ANIMALS,CDRSB,2437,-0.50342202020080773,0.50342202020080773
39,TMT_B,CDRSB,2437,0.48793765583538529,0.48793765583538529
40,TMT_B,RAVLT_IMMEDIATE,2437,-0.48770783629125269,0.48770783629125269
41,CATEGORY_FLUENCY_ANIMALS,RAVLT_DELAYED,2437,0.48191504774909844,0.48191504774909844
42,TMT_B,CATEGORY_FLUENCY_ANIMALS,2437,-0.48116913861820604,0.48116913861820604
43,LMI,TMT_B,2437,-0.47857621495309371,0.47857621495309371
44,RAVLT_DELAYED,FAQ,2437,-0.47378903898378616,0.47378903898378616
45,TMT_A,CATEGORY_FLUENCY_ANIMALS,2437,-0.47201214289361804,0.47201214289361804
46,MMSE,TMT_A,2437,-0.46488866087637887,0.46488866087637887
47,LMD,TMT_B,2437,-0.45873169271089009,0.45873169271089009
48,TMT_A,CDRSB,2437,0.45727011021628383,0.45727011021628383
49,CATEGORY_FLUENCY_ANIMALS,FAQ,2437,-0.45322701772192769,0.45322701772192769
50,TMT_B,FAQ,2437,0.45131679213575987,0.45131679213575987
51,TMT_A,RAVLT_IMMEDIATE,2437,-0.43661786884019643,0.43661786884019643
52,TMT_A,FAQ,2437,0.42690705281422198,0.42690705281422198
53,LMI,TMT_A,2437,-0.3933261190431887,0.3933261190431887
54,TMT_B,RAVLT_DELAYED,2437,-0.38095330963686119,0.38095330963686119
55,LMD,TMT_A,2437,-0.36790074775556098,0.36790074775556098
56,TMT_A,RAVLT_DELAYED,2437,-0.31410234985090668,0.31410234985090668
57,LMD,GDS,2437,-0.22015039591627408,0.22015039591627408
58,CDRSB,GDS,2437,0.21897785023473326,0.21897785023473326
59,LMD,RAVLT_FORGETTING,2437,-0.20570217031747398,0.20570217031747398
60,LMI,GDS,2437,-0.19886987008656748,0.19886987008656748
61,RAVLT_IMMEDIATE,RAVLT_FORGETTING,2437,-0.17740686833203828,0.17740686833203828
62,FAQ,GDS,2437,0.17504601549656246,0.17504601549656246
63,ADAS13,GDS,2437,0.17219441636752678,0.17219441636752678
64,MMSE,GDS,2437,-0.16950843735186757,0.16950843735186757
65,RAVLT_IMMEDIATE,GDS,2437,-0.16128563915836694,0.16128563915836694
66,LMI,RAVLT_FORGETTING,2437,-0.14520601633043434,0.14520601633043434
67,ADAS13,RAVLT_FORGETTING,2437,0.14331350166657322,0.14331350166657322
68,RAVLT_DELAYED,GDS,2437,-0.14117203343706905,0.14117203343706905
69,TMT_B,GDS,2437,0.13745932492397275,0.13745932492397275
70,CATEGORY_FLUENCY_ANIMALS,GDS,2437,-0.12938941801187184,0.12938941801187184
71,TMT_A,GDS,2437,0.1284403090143979,0.1284403090143979
72,RAVLT_FORGETTING,CDRSB,2437,0.098611800078953371,0.098611800078953371
73,MMSE,RAVLT_FORGETTING,2437,-0.081483672995274037,0.081483672995274037
74,CATEGORY_FLUENCY_ANIMALS,RAVLT_FORGETTING,2437,-0.080695809940239199,0.080695809940239199
75,RAVLT_FORGETTING,FAQ,2437,0.076258291320709243,0.076258291320709243
76,RAVLT_FORGETTING,GDS,2437,0.043915179244233229,0.043915179244233229
77,TMT_A,RAVLT_FORGETTING,2437,-0.031382489210346802,0.031382489210346802
78,TMT_B,RAVLT_FORGETTING,2437,0.0084719940704880373,0.0084719940704880373
