variable,MMSE,ADAS13,LMI,LMD,TMT_A,TMT_B,CATEGORY_FLUENCY_ANIMALS,RAVLT_IMMEDIATE,RAVLT_DELAYED,RAVLT_FORGETTING,CDRSB,FAQ,GDS
MMSE,1,-0.74346590862451722,0.64659215290350314,0.65487857919867998,-0.46488866087637887,-0.50897788086719009,0.51577606771947648,0.60162329087047151,0.52374663172266511,-0.081483672995274037,-0.72613109994832803,-0.66467800065747207,-0.16950843735186757
ADAS13,-0.74346590862451722,1,-0.71067844597064034,-0.72525928227503322,0.52423708128830004,0.54745225293266553,-0.60138229999303527,-0.7719053083571632,-0.68239126212974432,0.14331350166657322,0.74069907688661318,0.69448561833359912,0.17219441636752678
LMI,0.64659215290350314,-0.71067844597064034,1,0.89111866713801069,-0.3933261190431887,-0.47857621495309371,0.53203686179744303,0.68340917069103324,0.60547746666407787,-0.14520601633043434,-0.64975437603382014,-0.55840674858707595,-0.19886987008656748
LMD,0.65487857919867998,-0.72525928227503322,0.89111866713801069,1,-0.36790074775556098,-0.45873169271089009,0.50651586116704927,0.67490656262054927,0.64952804536578079,-0.20570217031747398,-0.6774270871304322,-0.58134487358963816,-0.22015039591627408
TMT_A,-0.46488866087637887,0.52423708128830004,-0.3933261190431887,-0.36790074775556098,1,0.59923186632192815,-0.47201214289361804,-0.43661786884019643,-0.31410234985090668,-0.031382489210346802,0.45727011021628383,0.42690705281422198,0.1284403090143979
TMT_B,-0.50897788086719009,0.54745225293266553,-0.47857621495309371,-0.45873169271089009,0.59923186632192815,1,-0.48116913861820604,-0.48770783629125269,-0.38095330963686119,0.0084719940704880373,0.48793765583538529,0.45131679213575987,0.13745932492397275
CATEGORY_FLUENCY_ANIMALS,0.51577606771947648,-0.60138229999303527,0.53203686179744303,0.50651586116704927,-0.47201214289361804,-0.48116913861820604,1,0.58333471559194627,0.48191504774909844,-0.080695809940239199,-0.50342202020080773,-0.45322701772192769,-0.12938941801187184
RAVLT_IMMEDIATE,0.60162329087047151,-0.7719053083571632,0.68340917069103324,0.67490656262054927,-0.43661786884019643,-0.48770783629125269,0.58333471559194627,1,0.82013333326166438,-0.17740686833203828,-0.58942790799248734,-0.53262761949437099,-0.16128563915836694
RAVLT_DELAYED,0.52374663172266511,-0.68239126212974432,0.60547746666407787,0.64952804536578079,-0.31410234985090668,-0.38095330963686119,0.48191504774909844,0.82013333326166438,1,-0.63625410728374165,-0.52586591330995824,-0.47378903898378616,-0.14117203343706905
RAVLT_FORGETTING,-0.081483672995274037,0.14331350166657322,-0.14520601633043434,-0.20570217031747398,-0.031382489210346802,0.0084719940704880373,-0.080695809940239199,-0.17740686833203828,-0.63625410728374165,1,0.098611800078953371,0.076258291320709243,0.043915179244233229
CDRSB,-0.72613109994832803,0.74069907688661318,-0.64975437603382014,-0.6774270871304322,0.45727011021628383,0.48793765583538529,-0.50342202020080773,-0.58942790799248734,-0.52586591330995824,0.098611800078953371,1,0.83405166772667805,0.21897785023473326
FAQ,-0.66467800065747207,0.69448561833359912,-0.55840674858707595,-0.58134487358963816,0.42690705281422198,0.45131679213575987,-0.45322701772192769,-0.53262761949437099,-0.47378903898378616,0.076258291320709243,0.83405166772667805,1,0.17504601549656246
GDS,-0.16950843735186757,0.17219441636752678,-0.19886987008656748,-0.22015039591627408,0.1284403090143979,0.13745932492397275,-0.12938941801187184,-0.16128563915836694,-0.14117203343706905,0.043915179244233229,0.21897785023473326,0.17504601549656246,1
