k,silhouette,davies_bouldin,calinski_harabasz,iterations,cluster_sizes,seed,selected
2,0.33173611492709726,1.2243675368331479,1442.0313362431123,11,"{""0"": 1554, ""1"": 883}",0,True
3,0.22567940067764303,1.4475687584447259,1125.2081617732126,24,"{""0"": 962, ""1"": 983, ""2"": 492}",0,False
4,0.17357756345787867,1.6523030651187163,914.56446950634643,20,"{""0"": 643, ""1"": 668, ""2"": 315, ""3"": 811}",0,False
5,0.14698032047963142,1.8692987347742083,759.01254058819268,19,"{""0"": 601, ""1"": 398, ""2"": 200, ""3"": 608, ""4"": 630}",0,False
6,0.1469747089176171,1.8854797960862202,661.32003250938351,21,"{""0"": 529, ""1"": 382, ""2"": 178, ""3"": 516, ""4"": 478, ""5"": 354}",0,False
7,0.13764256848252976,1.849199949788217,599.1701621160156,27,"{""0"": 470, ""1"": 210, ""2"": 108, ""3"": 438, ""4"": 427, ""5"": 370, ""6"": 414}",0,False
8,0.1364370679654951,1.8250193141312439,550.13001589898818,55,"{""0"": 453, ""1"": 199, ""2"": 89, ""3"": 436, ""4"": 383, ""5"": 186, ""6"": 357, ""7"": 334}",0,False
9,0.13815113899808035,1.8499842219031382,511.31840483204439,24,"{""0"": 408, ""1"": 233, ""2"": 101, ""3"": 449, ""4"": 246, ""5"": 163, ""6"": 177, ""7"": 268, ""8"": 392}",0,False
10,0.12820049768970135,1.7741820973227778,481.13260134135049,28,"{""0"": 360, ""1"": 187, ""2"": 88, ""3"": 389, ""4"": 198, ""5"": 161, ""6"": 286, ""7"": 245, ""8"": 350, ""9"": 173}",0,False
