seed,iterations,cluster_0_size,cluster_1_size,smaller_cluster_size,larger_cluster_size,silhouette,davies_bouldin,calinski_harabasz,dpc_equivalent_partition
0,11,1553,884,884,1553,0.3727004724250328,1.0758850311620256,1800.0249578026046,True
1,8,884,1553,884,1553,0.3727004724250328,1.0758850311620256,1800.0249578026046,True
2,10,884,1553,884,1553,0.3727004724250328,1.0758850311620256,1800.0249578026046,True
3,11,1553,884,884,1553,0.3727004724250328,1.0758850311620256,1800.0249578026046,True
4,4,880,1557,880,1557,0.37301323144314236,1.0749732416051911,1799.9749087140085,False
5,9,881,1556,881,1556,0.372910934781088,1.0751119548358608,1800.0034781230065,False
6,13,1553,884,884,1553,0.3727004724250328,1.0758850311620256,1800.0249578026046,True
7,13,884,1553,884,1553,0.3727004724250328,1.0758850311620256,1800.0249578026046,True
8,11,1553,884,884,1553,0.3727004724250328,1.0758850311620256,1800.0249578026046,True
9,10,1553,884,884,1553,0.3727004724250328,1.0758850311620256,1800.0249578026046,True
10,12,1553,884,884,1553,0.3727004724250328,1.0758850311620256,1800.0249578026046,True
11,13,1553,884,884,1553,0.3727004724250328,1.0758850311620256,1800.0249578026046,True
12,10,884,1553,884,1553,0.3727004724250328,1.0758850311620256,1800.0249578026046,True
13,10,884,1553,884,1553,0.3727004724250328,1.0758850311620256,1800.0249578026046,True
14,11,1553,884,884,1553,0.3727004724250328,1.0758850311620256,1800.0249578026046,True
15,12,884,1553,884,1553,0.3727004724250328,1.0758850311620256,1800.0249578026046,True
16,9,1557,880,880,1557,0.37301323144314236,1.0749732416051911,1799.9749087140085,False
17,12,884,1553,884,1553,0.3727004724250328,1.0758850311620256,1800.0249578026046,True
18,9,1556,881,881,1556,0.372910934781088,1.0751119548358608,1800.0034781230065,False
19,9,881,1556,881,1556,0.372910934781088,1.0751119548358608,1800.0034781230065,False
20,10,1553,884,884,1553,0.3727004724250328,1.0758850311620256,1800.0249578026046,True
21,11,884,1553,884,1553,0.3727004724250328,1.0758850311620256,1800.0249578026046,True
22,9,1556,881,881,1556,0.372910934781088,1.0751119548358608,1800.0034781230065,False
23,11,881,1556,881,1556,0.372910934781088,1.0751119548358608,1800.0034781230065,False
24,10,884,1553,884,1553,0.3727004724250328,1.0758850311620256,1800.0249578026046,True
25,11,881,1556,881,1556,0.372910934781088,1.0751119548358608,1800.0034781230065,False
26,11,884,1553,884,1553,0.3727004724250328,1.0758850311620256,1800.0249578026046,True
27,11,881,1556,881,1556,0.372910934781088,1.0751119548358608,1800.0034781230065,False
28,13,884,1553,884,1553,0.3727004724250328,1.0758850311620256,1800.0249578026046,True
29,14,884,1553,884,1553,0.3727004724250328,1.0758850311620256,1800.0249578026046,True
